application,brier_before_calibration,brier_after_calibration
co2_capture,0.16773845255374908,0.15569828225005258
ch4_storage,0.16024944186210632,0.1592476167269405
