application,model,eval_type,accuracy,f1,roc_auc,train_time_sec,inference_time_sec,n_train,n_test
co2_capture,logistic_regression,metal_holdout,0.7590847913862718,0.4169381107491857,0.7279227017440142,2.2456594999998742,0.001074499999958789,4267,743
co2_capture,random_forest,metal_holdout,0.7698519515477793,0.48338368580060426,0.7760816952409104,1.1503256000000874,0.12742100000014034,4267,743
co2_capture,xgboost,metal_holdout,0.7833109017496636,0.5076452599388379,0.778090821755838,0.5443535999997948,0.006763200000023062,4267,743
ch4_storage,logistic_regression,metal_holdout,0.7792732166890982,0.4605263157894737,0.7943205462295214,2.3541073000001234,0.0010622000004332222,4267,743
ch4_storage,random_forest,metal_holdout,0.8250336473755047,0.5578231292517006,0.8032038462315416,1.074974299999667,0.1257140000002437,4267,743
ch4_storage,xgboost,metal_holdout,0.8236877523553163,0.5618729096989966,0.8497818314041574,0.5464719999999943,0.007237199999963195,4267,743
